<?xml version="1.0" encoding="UTF-8"?>
<pedidos>
	<pedido>

		<destinatario>

			<nombre>Juan</nombre>

			<apellidos>Delgado Martínez</apellidos>

		</destinatario>

		<articulos>

			<articulo>bicicleta A2023</articulo>

		</articulos>

		<direccion>

			<calle>Barco</calle>

			<numero>4</numero>

			<piso>3</piso>

			<letra>A</letra>

		</direccion>

		<fecha>

			<dia>19</dia>

			<mes>5</mes>

			<año>2000</año>

		</fecha>

	</pedido>
</pedidos>