<?xml version="1.0" encoding="UTF-8"?>

<oferta>
	<cd>
		<titulo> Still got the blues</titulo>
		<artista>Gary Moore</artista>
		<pais>UK</pais>
		<compañia>Virgin records</compañia>
		<precio>10.20</precio>
		<año>1990</año>
	</cd>

	<cd>
		<titulo>One night only</titulo>
		<artista>Bee Gees</artista>
		<pais>UK</pais>
		<compañia>Polydor</compañia>
		<precio>10.9.</precio>
		<año>1998</año>
	</cd>

	<cd>
		<titulo>When a man loves a woman</titulo>
		<artista>Percy Sledge</artista>
		<pais>USA</pais>
		<compañia>Atlantic</compañia>
		<precio>9.90</precio>
		<año>1987</año>
	</cd>

	<cd>
		<titulo>Big Willie Style</titulo>
		<artista>Will SMith</artista>
		<pais>USA</pais>
		<compañia>Columbia</compañia>
		<precio>9.90</precio>
		<año>1987</año>
	</cd>

	<cd>
		<titulo>La cancion de Juan Perro</titulo>
		<artista>Radio Futura</artista>
		<pais>España</pais>
		<compañia>Sony Music-Ariola</compañia>
		<precio>9.90</precio>
		<año>1987</año>
	</cd>

	<cd>
		<titulo>The dock of the bay</titulo>
		<artista>Otis Redding</artista>
		<pais>USA</pais>
		<compañia>Atlantic</compañia>
		<precio>7.90</precio>
		<año>1987</año>
	</cd>
</oferta>